{"cameraMode":{"drawMode":0,"name":"Shaded","section":"Shading Mode"},"sceneLighting":true,"audioPlay":false,"sceneViewState":{"m_AlwaysRefresh":false,"showFog":true,"showSkybox":true,"showFlares":true,"showImageEffects":true,"showParticleSystems":true,"showVisualEffectGraphs":true,"m_FxEnabled":true},"in2DMode":false,"pivot":{"x":0.26840052008628847,"y":1.288685917854309,"z":12.409995079040528},"rotation":{"x":0.05830974504351616,"y":-0.12576764822006226,"z":0.007403272669762373,"w":0.99033123254776},"size":9.19769287109375,"orthographic":false}