{"cameraMode":{"drawMode":0,"name":"Shaded","section":"Shading Mode"},"sceneLighting":true,"audioPlay":false,"sceneViewState":{"m_AlwaysRefresh":false,"showFog":true,"showSkybox":true,"showFlares":true,"showImageEffects":true,"showParticleSystems":true,"showVisualEffectGraphs":true,"m_FxEnabled":true},"in2DMode":false,"pivot":{"x":4.181272506713867,"y":-5.750617027282715,"z":4.689760208129883},"rotation":{"x":0.29102107882499697,"y":0.04817930608987808,"z":-0.012858672998845578,"w":0.9555056691169739},"size":6.977488040924072,"orthographic":false}