{"cameraMode":{"drawMode":0,"name":"Shaded","section":"Shading Mode"},"sceneLighting":true,"audioPlay":false,"sceneViewState":{"m_AlwaysRefresh":false,"showFog":true,"showSkybox":true,"showFlares":true,"showImageEffects":true,"showParticleSystems":true,"showVisualEffectGraphs":true,"m_FxEnabled":true},"in2DMode":false,"pivot":{"x":0.31552284955978396,"y":2.819321393966675,"z":-11.167862892150879},"rotation":{"x":0.28275829553604128,"y":0.3194793462753296,"z":-0.10111066699028015,"w":0.8994227051734924},"size":0.8165926337242127,"orthographic":false}