{"cameraMode":{"drawMode":0,"name":"Shaded","section":"Shading Mode"},"sceneLighting":true,"audioPlay":false,"sceneViewState":{"m_AlwaysRefresh":false,"showFog":true,"showSkybox":true,"showFlares":true,"showImageEffects":true,"showParticleSystems":true,"showVisualEffectGraphs":true,"m_FxEnabled":true},"in2DMode":false,"pivot":{"x":-1.9665114879608155,"y":-0.9660292863845825,"z":-7.876752853393555},"rotation":{"x":0.039248351007699969,"y":0.7002312541007996,"z":-0.040529150515794757,"w":0.7122918963432312},"size":1.2737441062927247,"orthographic":false}