{"cameraMode":{"drawMode":0,"name":"Shaded","section":"Shading Mode"},"sceneLighting":true,"audioPlay":false,"sceneViewState":{"m_AlwaysRefresh":false,"showFog":true,"showSkybox":true,"showFlares":true,"showImageEffects":true,"showParticleSystems":true,"showVisualEffectGraphs":true,"m_FxEnabled":true},"in2DMode":false,"pivot":{"x":-2.681016445159912,"y":-4.82379674911499,"z":-5.504971981048584},"rotation":{"x":0.0026952202897518875,"y":-0.937866747379303,"z":0.34852972626686098,"w":0.0027058508712798359},"size":5.107395172119141,"orthographic":false}