{"cameraMode":{"drawMode":0,"name":"Shaded","section":"Shading Mode"},"sceneLighting":true,"audioPlay":false,"sceneViewState":{"m_AlwaysRefresh":false,"showFog":true,"showSkybox":true,"showFlares":true,"showImageEffects":true,"showParticleSystems":true,"showVisualEffectGraphs":true,"m_FxEnabled":true},"in2DMode":false,"pivot":{"x":-7.329741477966309,"y":6.018056392669678,"z":0.8727092742919922},"rotation":{"x":0.05071093142032623,"y":-0.25888970494270327,"z":0.01351531408727169,"w":0.9645525813102722},"size":12.12435531616211,"orthographic":false}