{"cameraMode":{"drawMode":0,"name":"Shaded","section":"Shading Mode"},"sceneLighting":true,"audioPlay":false,"sceneViewState":{"m_AlwaysRefresh":false,"showFog":true,"showSkybox":true,"showFlares":true,"showImageEffects":true,"showParticleSystems":true,"showVisualEffectGraphs":true,"m_FxEnabled":true},"in2DMode":false,"pivot":{"x":422.6908874511719,"y":-16.903181076049806,"z":32.358673095703128},"rotation":{"x":-0.40038928389549258,"y":0.12094361335039139,"z":-0.053405821323394778,"w":-0.9067675471305847},"size":81.39410400390625,"orthographic":false}