{"cameraMode":{"drawMode":0,"name":"Shaded","section":"Shading Mode"},"sceneLighting":true,"audioPlay":false,"sceneViewState":{"m_AlwaysRefresh":false,"showFog":true,"showSkybox":true,"showFlares":true,"showImageEffects":true,"showParticleSystems":true,"showVisualEffectGraphs":true,"m_FxEnabled":true},"in2DMode":false,"pivot":{"x":1.5544219017028809,"y":0.8081627488136292,"z":13.85495376586914},"rotation":{"x":-0.02076297253370285,"y":-0.15232160687446595,"z":0.0031887467484921219,"w":-0.988381028175354},"size":7.144444465637207,"orthographic":false}